Lesson 1:,,
私,わたし,I
私たち,わたしたち,We
あなた,あなた,You
あの人,あのひと,That person
あの方,あのかた,That person (polite)
皆さん,みなさん,"Everyone, ladies and gentlemen"
先生,せんせい,"Teacher, Instructor"
教師,きょうし,"Teacher, Instructor"
学生,がくせい,Student
会社員,かいしゃいん,Company Employee
社員,しゃいん,Employee
銀行員,ぎんこういん,Bank employee
医者,いしゃ,Medical Doctor
研究者,けんきゅうしゃ,"Researcher, Scholar"
大学,だいがく,University
病院,びょういん,Hospital
電気,でんき,Electricity
だれ,だれ,Who
どなた,どなた,Polite equivalent of 「だれ」
何歳,なんさい,How old
失礼ですが,しつれいですが,Excuse me but
お名前は？,おなまえは？,May I have your name?
初めまして。,はじめまして。,How do you do? (first time meeting)
どうぞよろしく。,どうぞよろしく。,Pleased to meet you.
こちらは～さんです。,こちらは～さんです。,This is Mr. /Ms. ~.
韓国,かんこく,South Korea
中国,ちゅうごく,China
,,
,,
Lesson 2:,,
本,ほん,"Book, Origin"
辞書,じしょ,Dictionary
雑誌,ざっし,Magazine
新聞,しんぶん,Newspaper
手帳,てちょう,Pocket notebook
名刺,めいし,Business card
鉛筆,えんぴつ,Pencil
鍵,かぎ,Key
時計,とけい,"Watch, clock"
傘,かさ,Umbrella
かばん,かばん,Bag、Briefcase
自動車,じどうしゃ,"Car, automobile"
机,つくえ,Desk
いす,いす,Chair
英語,えいご,English Language
日本語,にほんご,Japanese Language
何,なん,What
違います,ちがいます,"No, it isn't, different"
そうですか。,そうですか。,"I see, Is that so?"
あのう,あのう,Well… (used to show hesitation)
ほんの気持ちです。,ほんのきもちです。,It's nothing. It's a token of my gratitude.
どうぞ。,どうぞ。,"Please, here you are."
これからお世話になります。,これからおせわになります。,I hope for your kind assistance hereafter.
こちらこそよろしく。,こちらこそよろしく。,I am pleased to meet you.
,,
,,
Lesson 3:,,
教室,きょうしつ,Classroom
食堂,しょくどう,Dining hall
事務所,じむしょ,Office
会議室,かいぎしつ,Conference room
受付,うけつけ,Reception desk
部屋,へや,Room
階段,かいだん,Staircase
「お」国,「お」くに,[your] Country
会社,かいしゃ,Company
内,うち,House (in this pronunciation)
電話,でんわ,Telephone
靴,くつ,Shoe
たばこ,たばこ,"Tobacco, Cigarette"
売り場,うりば,"Department, Counter, Place to pay"
地下,ちか,Basement
～階,～かい,～Floor
～円,～えん,～Yen
いくら,いくら,How much (price)
百,ひゃく,Hundred
千,せん,Thousand
万,まん,Ten Thousand
すみません。,すみません,Excuse me.
～でございます。,～でございます。,Polite equivalent of 「です」
駐車場,ちゅうしゃじょう,Car parking
食料品,しょくりょうひん,Food
化粧品,けしょうひん,Cosmetics
婦人服,ふじんふく,Ladies' wear
紳士服,しんしふく,Men's wear
家具,かぐ,Furniture
食器,しょっき,Kitchenware
電気製品,でんきせいひん,Electrical Appliances
子ども服,こどもふく,Children's clothes
おもちゃ,おもちゃ,Toys
文房具,ぶんぼうぐ,Stationery; writing accessories
スポーツ用品,スポーツようひん,Sporting goods
旅行用品,りょこうようひん,Leisure goods
眼鏡,めがね,Glasses
催し物会場,もよおしものかいじょう,Event hall
屋上,おくじょう,Roof
遊園地,ゆうえんち,Amusement park
,,
,,
Lesson 4:,,
起きます,おきます,"Get up, wake up"
寝ます,ねます,"Sleep, go to bed"
働きます,はたらきます,Work
休みます,やすみます,"Take rest, Take a holiday"
勉強します,べんきょうします,Study
終わります,おわります,Finish
銀行,ぎんこう,Bank
郵便局,ゆうびんきょく,Post office
図書館,としょかん,Library
美術館,びじゅつかん,Art museum
今,いま,Now
～時,～じ,～O'clock
～分,～ふん,～Minute
半,はん,Half
何時,なんじ,What time?
何分,なんぷん,What minute
午前,ごぜん,"Morning, a.m. (For saying time)"
午後,ごご,"Afternoon, p.m. (For saying time)"
朝,あさ,Morning
昼,ひる,Noon
夜,よる,Evening
晩,ばん,Night
おととい,おととい,The day before yesterday
きのう,きのう,Yesterday
きょう,きょう,Today
あした,あした,Tomorrow
あさって,あさって,The day after tomorrow
今朝,けさ,This morning
今晩,こんばん,"This evening, Tonight"
休み,やすみ,"Rest, Holiday, a day off"
昼休み,ひるやすみ,Lunch break
毎朝,まいあさ,Every Morning
毎晩,まいばん,Every Night
毎日,まいにち,Every day
月曜日,げつようび,Monday
火曜日,かようび,Tuesday
水曜日,すいようび,Wednesday
木曜日,もくようび,Thursday
金曜日,きんようび,Friday
土曜日,どようび,Saturday
日曜日,にちようび,Sunday
番号,ばんごう,Number
何番,なんばん,What number
～から,～から,From ~
～まで,～まで,"Up to ~, Until ~"
～と～,～と～,And
そちら,そちら,Your place
大変ですね。,たいへんですね。,"That's tough, isn't it?"
ええと,ええと,"Well, let me see"
お願いします。,おねがいします。,Please
かしこまりました。,かしこまりました。,Certainly
お問い合わせの番号,おといあわせのばんごう,The number being inquired about
警察署,けいさつしょ,Police
消防署,しょうぼうしょ,"Fire, Ambulance"
電話番号案内,でんわばんごうあんない,Directory assistance services
,,
,,
Lesson 5:,,
行きます,いきます,Go
来ます,きます,Come
帰ります,かえります,"Go home, return"
学校,がっこう,School
駅,えき,Station
飛行機,ひこうき,Airplane
船,ふね,Ship
電車,でんしゃ,Electric Train
地下鉄,ちかてつ,Subway
新幹線,しんかんせん,Shinkansen
自転車,じてんしゃ,Bicycle
歩いて,あるいて,On foot
人,ひと,"Person, people"
友達,ともだち,Friend
彼,かれ,"He, boyfriend, lover"
彼女,かのじょ,"She, girlfriend, lover"
家族,かぞく,Family
一人で,ひとりで,"Alone, By oneself"
先週,せんしゅう,Last week
今週,こんしゅう,This week
来週,らいしゅう,Next week
先月,せんげつ,Last month
今月,こんげつ,This month
来月,らいげつ,Next month
去年,きょねん,Last year
今年,ことし、こんねん,This year
来年,らいねん,Next year
～月,～がつ,～th month of the year
何月,なんがつ,What month
一日,ついたち,First day of the month
二日,ふつか,"Second, Second day of the month"
三日,みっか,"Third, Third day of the month"
四日,よっか,"Fourth, Fourth day of the month"
五日,いつか,"Fifth, Fifth day of the month"
六日,むいか,"Sixth, Sixth day of the month"
七日,なのか,"Seventh, Seventh day of the month"
八日,ようか,"Eighth, Eighth day of the month"
九日,ここのか,Ninth day of the month
十日,とおか,"Tenth, Tenth day of the month"
十四日,じゅうよっか,"14th, 14th day of the month"
二十日,はつか,"20th, 20th day of the month"
二十四日,にじゅよっか,"24th, 24th day of the month"
何日,なんにち,Which day of the month
いつ,いつか,When
誕生日,たんじょうび,Birthday
普通,ふつう,Local (train)
急行,きゅうこう,Rapid
特急,とっきゅう,Express
次の,つぎの,Next
どういたしまして。,どういたしまして。,"You're welcome, don't mention it."
～番線,～ばんせん,～th platform
祝祭日,しゅくさいじつ,National holidays
元日,がんじつ,New year's day
成人の日,せいじんのひ,Coming-of-age Day
建国記念の日,けんこくきねんのひ,National Foundation day
春分の日,しゅんぶんのひ,Vernal Equinox day
昭和の日,しょうわのひ,Showa day
憲法記念日,けんぽうきねんび,Constitution Memorial Day
緑の日,みどりのひ,Greenery day
子供の日,こどものひ,Children's day
海の日,うみのひ,Marine day
敬老の日,けいろうのひ,Respect-for-the-aged Day
秋分の日,しゅうぶんのひ,Autumnal Equinox
体育の日,たいいくのひ,Health and Sports day
文化の日,ぶんかのひ,Culture day
勤労感謝の日,きんろうかんしゃのひ,Labor thanks giving day
天皇誕生日,てんのうたんじょうび,The emperor's Birthday
,,
Lesson 6:,,
食べます,たべます,Eat
飲みます,のみます,Drink
吸います,すいます,Smoke
見ます,みます,"See, look at, watch"
聞きます,ききます,"Hear, listen"
読みます,よみます,Read
書きます,かきます,Write
買います,かいます,Buy
撮ります,とります,Take (a photograph)
会います,あいます,Meet
ごはん,ごはん,Meal
朝ごはん,あさごはん,Breakfast
昼ごはん,ひるごはん,Lunch
晩ごはん,ばんごはん,Dinner
卵,たまご,Egg
肉,にく,Meat
魚,さかな,Fish
野菜,やさい,Vegetable
果物,くだもの,Fruit
水,みず,Water
お茶,おちゃ,Green tea
紅茶,こうちゃ,Black tea
牛乳,ぎゅうにゅう,Milk
「お」酒,「お」さけ,Japanese rice wine
映画,えいが,Movie
手紙,てがみ,Letter
写真,しゃしん,Photograph
店,みせ,Store
庭,にわ,Garden
宿題,しゅくだい,Homework
「お」花見,「お」はなみ,Cherry Blossom viewing
いっしょに,いっしょに,Together
ちょっと,ちょっと,"A little while, a little bit"
いつも,いつも,"Always, usually"
時々,ときどき,Sometimes
それから,それから,"After that, and then"
きゅうり,きゅうり,Cucumber
茄子,なす,Egg plant
豆,まめ,"Beans, peas"
ねぎ,ねぎ,Welsh onion
白菜,はくさい,Chinese cabbage
ほうれん草,ほうれんそう,Spinach
しゃがい芋,しゃがいも,Potato
大根,だいこん,Japanese radish
玉ねぎ,たまねぎ,Onion
人参,にんじん,Carrot
苺,いちご,Strawberry
桃,もも,Peach
西瓜,すいか,Watermelon
葡萄,ぶどう,Grape
梨,なし,Japanese pear
柿,かき,Persimmon
みかん,みかん,Mandarin Orange
りんご,りんご,Apple
米,こめ,Rice
,,
,,
Lesson 7,,
切ります,きります,"Cut, Slice"
送ります,おくります,Send
あげます,あげます,Give
もらいます,もらいます,Receive
貸します,かします,Lend
借ります,かります,Borrow
教えます,おしえます,Teach
習います,ならいます,Learn
かけます,かけます,Make (a telephone call)
手,て,Hand
はし,はし,Chopsticks
はさみ,はさみ,Scissors
紙,かみ,Paper
花,はな,Flower
荷物,にもつ,"Baggage, Parcel"
お金,おかね,Money
切符,きっぷ,Ticket
父,ちち,(my) Father
母,はは,(my) Mother
お父さん,おとうさん,(someone else's) Father
お母さん,おかあさん,(someone else's) Mother
もう,もう,Already
まだ,まだ,Not yet
これから,これから,"From now on, soon"
ごめんください。,ごめんください。,"Excuse me, Anybody home?"
いらっしゃい。,いらっしゃい。,Welcome
失礼します。,しつれいします。,Thank you. lit: I'm afraid I'll be bothering
いかがですか。,いかがですか。,Would you like to have [something]?
いただきます。,いただきます。,"Thankyou, Said before eating or drinking"
旅行,りょこう,"Trip, tour"
お土産,おみやげ,"Souvenir, present"
,,
,,
Lesson 8:,,
きれい「な」,きれい「な」,"Beautiful, Clean"
静か「な」,しずか「な」,Quiet
にぎやか「な」,にぎやか「な」,Lively
有名「な」,ゆうめい「な」,Famous
親切「な」,しんせつ「な」,Kind
元気「な」,げんき「な」,"Healthy, Cheerful"
暇「な」,ひま「な」,Free (time)
便利「な」,べんり「な」,Convenient
すてき「な」,すてき「な」,"Fine, nice, wonderful"
大きい,おおきい,"Big, large"
小さい,ちいさい,"Small, little"
新しい,あたらしい,New
古い,ふるい,Old
いい（よい）,いい（よい）,Good
悪い,わるい,Bad
暑い,あつい,Hot
寒い,さむい,Cold (referring to temperature)
冷たい,つめたい,Cold (referring to touch)
難しい,むずかしい,Difficult
易しい,やさしい,Easy
高い,たかい,"Expensive, tall"
安い,やすい,Inexpensive
低い,ひくい,Low
おもしろい,おもしろい,Interesting
おいしい,おいしい,"Delicious, tasty"
忙しい,いそがしい,Busy
楽しい,たのしい,"Enjoyable, fun"
白い,しろい,White
黒い,くろい,Black
赤い,あかい,Red
青い,あおい,Blue
桜,さくら,Cherry (blossom)
山,やま,Mountain
町,まち,Town
食べ物,たべもの,Food
車,くるま,"Car, vehicle"
所,ところ,Place
寮,りょう,Dormitory
勉強,べんきょう,Study
生活,せいがつ,Life
「お」仕事,「お」しごと,"Work, business"
どう,どう,How
どんな～,どんな～,What kind of ~
緑,みどり,Green
紫,むらさき,Purple
黄色い,きいろい,Yellow
茶色い,ちゃいろい,Brown
味,あじ,Taste
甘い,あまい,Sweet (taste)
辛い,からい,Hot (taste)
苦い,にがい,Bitter (taste)
塩辛い,しおからい,Salty (taste)
酸っぱい,すっぱい,Sour (taste)
濃い,こい,"Thick, strong (in taste)"
薄い,うすい,"Thin, weak (in taste)"
,,
,,
Lesson 9,,
わかります,わかります,Understand
好き「な」,すき「な」,Like
嫌い「な」,きらい「な」,Dislike
上手「な」,じょうず「な」,Good at
下手「な」,へた「な」,Bad at
料理,りょうり,"Dish (cooked food), Cooking"
飲み物,のみもの,Drinks
野球,やきゅう,Baseball
音楽,おんがく,Music
歌,うた,Song
絵,え,"Picture, Drawing"
字,じ,"Letter, Character"
漢字,かんじ,Chinese character
細かいお金,こまかいおかね,Small Change
時間,じかん,Time
用事,ようじ,"Something to do, errand"
約束,やくそく,"Appointment, promise"
ご主人,ごしゅじん,(Someone else's) Husband
夫/主人,おっと/しゅじん,(my) Husband
奥さん,おくさん,(someone else's) Wife
妻/家内,つま/かない,(my) Wife
子ども,こども,Child
よく,よく,"Well, much"
だいたい,だいたい,"Mostly, roughly"
たくさん,たくさん,"Many, much"
少し,すこし,"A little, a few"
全然,ぜんぜん,Not at all (used with negatives)
早く,はやく,"Early, quickly, fast"
どうして,どうして,Why
残念です「ね」,ざんねんです「ね」,I'm sorry to hear that / that's a pity
民謡,みんよう,Folk music
演歌,えんか,Traditional Japanese popular songs
喜劇,きげき,Comedy film
卓球,たっきゅう,Ping Pong
相撲,すもう,Sumo
柔道,じゅうどう,Judo
剣道,けんどう,Japanese Fencing
水泳,すいえい,Swimming
,,
,,
Lesson 10:,,
いろいろ「な」,いろいろ「な」,Various
男の人,おとこのひと,Man
女の人,おんなのひと,Woman
男の子,おとこのこ,Boy
女の子,おんなのこ,Girl
犬,いぬ,Dog
猫,ねこ,Cat
木,き,Tree
物,もの,Thing
電池,でんち,Battery
箱,はこ,Box
冷蔵庫,れいぞうこ,Refrigerator
棚,たな,Shelf
窓,まど,Window
公園,こうえん,Park
喫茶店,きっさてん,Coffee Shop
本屋,ほんや,Book Shop
乗り場,のりば,Fixed place for taxies and buses
県,けん,Prefecture
上,うえ,"On, above, over"
下,した,"Under, below, beneath"
前,まえ,"Front, before"
うしろ,うしろ,"Back, Behind"
右,みぎ,Right
左,ひだり,Left
中,なか,"In, inside"
外,そと,Outside
隣,となり,"Next, next door"
近く,ちかく,"Near, vicinity"
間,あいだ,"Between, middle"
玄関,げんかん,Entrance hall
風呂場,ふろば,Bathroom
洗面所,せんめんじょ,Washroom
台所,だいどころ,Kitchen
食堂,しょくどう,Dining room
居間,いま,Living room
寝室,しんしつ,Bedroom
廊下,ろうか,Hallway
,,
,,
Lesson 11:,,
います,います,"Have (a child), Stay, be"
かかります,かかります,Take (referring to time or money)
休みます,やすみます,Take a day off
一つ,ひとつ,One (universal counting of one)
二つ,ふたつ,Two of…
三つ,みっつ,Three of…
四つ,よっつ,Four of …
五つ,いつつ,Five of …
六つ,むっつ,Six of …
七つ,ななつ,Seven of…
八つ,やっつ,Eight of …
九つ,ここのつ,Nine of …
十,とお,Ten of …
いくつ,いくつ,How many
一人,ひとり,One person
二人,ふたり,Two persons
ー人,ーにん,Some number of people
ー台,ーだい,"Counter of machines, cars …"
ー枚,ーまい,"Counter of papers, stamps …"
ー回,ーかい,"Counter of period, number of times"
りんご,りんご,Apple
みかん,みかん,Orange
切手,きって,Postage Stamp
はがき,はがき,Post Card
封筒,ふうとう,Envelope
速達,そくたつ,Special delivery
書留,かきとめ,Registered mail
航空便,こうくうびん,Airmail
船便,ふなびん,Seamail
両親,りょうしん,Parents
兄弟,きょうだい,Brothers and Sisters
兄,あに,(my) elder Brother
お兄さん,おにいさん,(someone else's) elder Brother
姉,あね,(my) elder Sister
お姉さん,おねえさん,(someone else's) elder Sister
弟,おとうと,(my) younger Brother
弟さん,おとうとさん,(someone else's) younger Brother
妹,いもうと,(my) younger Sister
妹さん,いもうとさん,(someone else's) younger Sister
外国,がいこく,Foreign country
ー時間,ーじかん,… hours
ー週間,ーしゅうかん,… weeks
ーか月,ーかげつ,… months
ー年,ーねん,… years
～ぐらい,ーぐらい,about ~
どのくらい,どのくらい,How long?
全部で,ぜんぶで,In total
みんな,みんな,"All, everything"
～だけ,～だけ,only ~
天どん,てんどん,a bowl of rice with fried fish and Vegetables
親子どん,おやこどん,a bowl of rice with chicken and egg
牛どん,ぎゅうどん,a bowl of rice with beef
焼肉,やきにく,Grilled meat
野菜いため,やさいいため,Sauteed vegetables
漬物,つけもの,Pickles
みそ汁,みそしる,Miso Soup
おにぎり,おにぎり,Rice ball
うどん,うどん,Japanese noodles
,,
,,
Lesson 12:,,
簡単「な」,かんたん「な」,"Easy, Simple"
近い,ちかい,Near
遠い,とおい,Far
速い,はやい,"Fast, Early"
遅い,おそい,"Slow, Late"
多い,おおい,"Many [People], Much"
少ない,すくない,"Few [People], a little"
暖かい,あたたかい,Warm
涼しい,すずしい,Cool
甘い,あまい,Sweet
辛い,からい,"Spicy, Hot (taste)"
重い,おもい,Heavy
軽い,かるい,Light (Weight)
いい,いい,Prefer (Coffee)
季節,きせつ,Season
春,はる,Spring
夏,なつ,Summer
秋,あき,Autumn
冬,ふゆ,Winter
天気,てんき,Weather
雨,あめ,Rain
雪,ゆき,Snow
曇り,くもり,Cloud
空港,くうこう,Airport
海,うみ,"Sea, Ocean"
世界,せかい,World
「お」祭り,「お」まつり,Festival
試験,しけん,Exam
生け花,いけばな,Arrangement (Flower)
紅葉,もみじ,"Red leaves in Autumn, Maple"
どちら,どちら,Which one (between two things)?
どちらも,どちらも,Both
ずっと,ずっと,By Far
ただいま,ただいま,I'm home
お帰りなさい,おかえりなさい,Welcome home
でも,でも,But
疲れました,つかれました,(I'm) tired.
,,
,,
,,
,,
Lesson 13:,,
遊びます,あそびます,Enjoy one'sself
泳ぎます,およぎます,Swim
迎えます,むかえます,"Go to meet, Welcome"
疲れます,つかれます,Get tired
出します,だします,Send (a letter)
入ります,はいります,Enter (a coffee shop)
出ます,でます,Go out (of a coffee shop)
結婚します,けっこんします,Get married
買い物します,かいものします,Do shopping
食事します,しょくじします,"Have a meal, Dine"
散歩します,さんぽします,Take a walk
大変「な」,たいへん「な」,"Hard, Tough, Severe"
欲しい,ほしい,Want
寂しい,さびしい,Lonely
広い,ひろい,"Wide, Spacious"
狭い,せまい,"Narrow, Small"
市役所,しやくしょ,City Hall
経済,けいざい,Economy
美術,びじゅつ,Fine arts
釣り,つり,Fishing
会議,かいぎ,"Meeting, Conference"
登録,とうろく,Registration
週末,しゅうまつ,Weekend
何か,なにか,Something
どこか,どこか,Somewhere
おなかがすきました。,おなかがすきました。,(I'm) Hungry
おなかがいっばいです。,おなかがいっぱいです。,(I'm) Full
のどがかわきました。,のどがかわきました。,(I'm) Thirsty
定食,ていしょく,Set meal
別々に,べつべつに,Separately
博物館,はくぶつかん,Museum
美術館,びじゅつかん,Art Museum
図書館,としょかん,Library
映画館,えいがかん,Movie Theater
動物園,どうぶつえん,Zoo
植物園,しょくぶつえん,Botanical Garden
遊園地,ゆうえんち,Amusement park
教会,きょうかい,Christian Church
体育館,たいいくかん,Gymnasium
公園,こうえん,Park
大使館,たいしかん,Embassy
入国管理局,にゅうこくかんりきょく,Immigration Bureau
交番,こうばん,Police Box
消防署,しょうぼうしょ,Fire Station
駐車場,ちゅうしゃじょう,Parking lot
大学,だいがく,University
高校,こうこう,Senior Highschool
中学校,ちゅうがっこう,Junior Highschool
小学校,しょうがっこう,Elementary School
幼稚園,とうちえん,Kindergarten
肉や,にくや,Butcher's Shop
魚屋,さかなや,Fishmonger's
酒屋,さかや,Liquor Shop
八百屋,やおや,Vegetable Shop
喫茶店,きっさてん,Coffee Shop
,,
,,
Lesson 14,,
つけます,つけます,Turn on
消します,けします,Turn off
開けます,あけます,Open
閉めます,しめます,Close
急ぎます,いそぎます,Hurry
待ちます,まちます,Wait
止めます,とめます,"Stop, Park"
曲がります,まがります,Turn to a direction
持ちます,もちます,Hold
取ります,とります,"Take, Pass"
手伝います,てつだいます,Help (with a task)
呼びます,よびます,Call
話します,はなします,"Speak, Talk"
見せます,みせます,Show
教えます,おしえます,Tell
始めます,はじめます,"Start, Begin"
降ります,ふります,Rain
名前,なまえ,Name
住所,じゅうしゃ,Address
地図,ちず,Map
塩,しお,Salt
砂糖,さとう,Sugar
読み方,よみかた,Way of reading
ゆっくり,ゆっくり,"Slowly, Leisurely"
すぐ,すぐ,Immediately
また,また,Again
あとで,あとで,Later
もう少し,もうすこし,Alittle more
まっすぐ,まっすぐ,Straight
お釣り,おつり,Change
切符売り場,きっぷうりば,"Ticket office, Ticket area"
自動券売機,じどうけんばいき,Ticket machine
精算機,せいさんき,Fare adjustment machine
改札口,かいさつぐち,Ticket barrier
出口,でぐち,Exit
入口,いりぐち,Entrance
東口,ひがしぐち,East exit
西口,にしぐち,West exit
南口,みなみぐち,South exit
北口,きたぐち,North exit
中央口,ちゅうおうぐち,Central exit
売店,ばいてん,Kiosk
片道,かたみち,One way
往復,おうふく,Round trip
,,
Lesson 15,,
立ちます,たちます,Stand Up
座ります,すわります,Sit Down
使います,つかいます,Use
置きます,おきます,Put
作ります,つくります,"Make, Produce"
売ります,うります,Sell
知ります,しります,Get to know
住みます,すみます,be going to live
研究します,けんきょうします,do Research
知っています,しっています,Know
住んでいます,すんでいます,Live in a place
資料,しりょう,"Materials, Data"
時刻表,じこくひょう,Time Table
服,ふく,Clothes
製品,せいひん,Products
専門,せんもん,Speciality
歯医者,はいしゃ,"Dentist, Dentist's"
床屋,とこや,Barber
独身,どくしん,"Single, Unmarried"
特に,とくに,Especially
思い出します,おもいだします,Remember
会社員,かいしゃいん,Company Employee
公務員,こうむいん,Civil Servant
駅員,えきいん,Station Clerk
銀行員,ぎんこういん,Bank Clerk
郵便局員,ゆうびんきょくいん,Postman
店員,てんにん,Shop Clerk
調理師,ちょうりし,Cook
理容師,りようし,Barber
美容師,びようし,Beautician
教師,きょうし,Teacher
弁護士,べんごし,Lawyer
研究者,けんきゅうしゃ,Researcher
医者,いしゃ,Doctor
看護婦,かんごふ,Nurse
運転手,うんてんしゅ,Driver
警察官,けんさつかん,Police
外交官,がいこうかん,Diplomat
政治家,せいじか,Politician
画家,がか,Painter
作家,さっか,Author
音楽家,おんがくか,Musician
建築家,けんちくか,Architect
歌手,かしゅ,Singer
俳優,はいゆう,"Actor, Actress"
,,
Lesson 16:,,
乗ります,のります,"Ride, get on"
降ります,おります,Get off
乗り換えます,のりかえます,Change (Trains)
浴びます,あびます,Take (a shower)
入れます,いれます,"Put in, Insert"
出します,だします,"Take out, withdraw"
入ります,はいります,Enter (a university)
出ます,でます,Graduate From
やめます,やめます,"Quit or retire from, stop, give up"
押します,おします,"Push, Press"
若い,わかい,Young
長い,ながい,Long
短い,みじかい,Short
明るい,あかるい,"Bright, Light"
暗い,くらい,Dark
背が高い,せがたかい,Tall (referring to a person)
頭がいい,あたまがいい,"Clever, Smart"
体,からだ,Body
頭,あたま,Head
髪,かみ,Hear
顔,かお,Face
目,め,Eye
耳,みみ,Ear
口,くち,Mouth
歯,は,Tooth
おなか,おなか,Stomach
足,あし,Leg
緑,みどり,"Green, Greenery"
｢お｣寺,「お」てら,Buddhist Temple
神社,じんじゃ,Shinto Shrine
留学生,りゅうがくせい,Foreign Student
まず,まず,First of All
お引き出しですか。,おひきだしですか。,Are you making a withdrawal?
次に,つぎに,Next (as in next step)
お預け入れ,おあずけいれ,Deposit
お振込み,おふりこみ,Payment
お振り替え,おふりかえ,Transfer (Money)
お引き出しですか。,おひきだしですか。,Withdrawal
通表記入,つうちょうきにゅう,Updating Passbook
残高照会,ざんだかしょうかい,Balance Inquiry
暗所番号,おんしょうばんごう,Personal Identification number
,,
,,
Lesson 17:,,
覚えます,おばえます,Memorize
忘れます,わすれます,Forget
なくします,なくします,Lose
出します,だします,Hand in (a report)
払います,はらいます,Pay
返します,かえします,"Give Back, Return"
出かけます,でかけます,Go out
脱ぎます,ねぎます,Take off (Clothes)
持っていきます,もっていきます,Take (Something)
持ってきます,もってきます,Bring (Something)
心配します,しんぱいします,Worry
残業します,ざんぎょうします,Work overtime
出張します,しゅっちょうします,Go on a Business trip
大切「な」,たいせつ「な」,Important
大丈夫「な」,だいしょうぶ「な」,All right
危ない,あぶない,Dangerous
問題,もんだい,"Question, Problem, Trouble"
答え,こたえ,Answer
禁煙,きんえん,No Smoking
保険証,ほけんしょう,Insurance Card
かぜ,かぜ,"Cold, Flu"
熱,ねつ,Fever
病気,びょうき,Illness
薬,くすり,Medicine
「お」ふろ,「お」ふろ,Bath
上着,うわぎ,"Jacket, Outerwear"
下着,したぎ,Underwear
どうしましたか。,どうしましたか。,What Seems to be the problem?
頭が痛い,あたまがいたい,have a Headache
おなかが痛い,おなかがいたい,have a Stomachache
歯が痛い,はがいたい,have a Toothache
熱がある,ねつがある,have a Fever
せきが出る,せきがでる,have a Cough
鼻水が出る,はなみずがでる,have a Runny Nose
血が出る,ちがでる,Bleed
吐き気がする,はきけがする,feel Nauseous
寒気がする,さむけがする,feel a Chill
下痢をする,げりをすり,have Diarrhea
便秘をする,べんびをする,be Constipated
けがをする,けがをする,get Injured
やけどをする,やけどをする,Get Burnt
食欲がない,しょくよくがない,have No Appetite
肩がこる,かたがこる,feel Stiff in Shoulders
体がだるい,からだがだるい,feel Weary
かゆい,かゆい,Itchy
かぜ,かぜ,Cold
盲腸,もうちょう,Appendicitis
ぎっくり腰,ぎっくりごし,Slipped Disk
ねんぎ,ねんぎ,Sprain
骨折,こつせつ,Bone Fracture
二日酔い,ふつかよい,Hangover
めまいがする,めまいがする,feel Dizzy
,,
,,
Lesson 18:,,
できます,できます,"Be able to, can"
洗います,あらいます,Wash
弾きます,ひきます,Play (instrument or piano)
歌います,うたいます,Sing
集めます,あつめます,"Collect, Gather"
捨てます,すてます,Throw away
換えます,かえます,"Exchange, Change"
運転します,うんてんします,Driving
予約します,よやくします,"Reserve, Book"
見学します,けんがくします,Visit some place for Study
国際～,こくさい～,International ~
現金,げんきん,Cash
趣味,しゅみ,Hobby
日記,にっき,Diary
「お」祈り,「お」いのり,Prayer
課長,かちょう,Section Chief
部長,ぶちょう,Department Chief
社長,しゃちょう,President of a Company
とうぶつ,とうぶつ,Animal
馬,うま,Horse
ぱくじょう,ぱくじょう,"Ranch, Stock Farm"
ほんとうですか。,ほんとうですか。,Really?
ぜひ,ぜひ,By all means
飛ぶ,とぶ,Fly
跳ぶ,とぶ,Jump
登る,のぼる,Climb
走る,ほしる,Run
泳ぐ,およぐ,Swim
もぐる,もぐる,Dive
飛び込む,とびこむ,Dive in to
逆立ちする,さかだちする,Stand upside down
はう,はう,Crawl
ける,ける,Kick
振る,ふる,Wave
投げる,なげる,Throw
持ち上げる,もちあげる,Lift
たたく,たたく,Pat
引く,ひく,Pull
押す,おす,Push
曲げる,もげる,Bend
伸ばす,のばす,Extend
転ぶ,こるぶ,Fall Down
振り向く,ふりむく,Look Back
,,
,,
Lesson 19:,,
登ります,のぼります,Climb (a mountain)
泊まります,とまります,Stay (at a hotel)
掃除します,そうじします,Clean (a room)
洗濯します,せんたくします,Wash (Clothes)
練習します,れんしゅうします,Practice
なります,なります,Become
眠い,ねむい,Sleepy
強い,つよい,Strong
弱い,よわい,Weak
調子がいい,ちょうしがいい,Be in Good condition
調子が悪い,ちょうしがわるい,Be in Bad condition
調子,ちょうし,Condition
お茶,おちゃ,Tea Ceremony
一度,いちど,Once
一度も,いちども,"Not Once, Never"
だんだん,だんだん,Gradually
もうすぐ,もうすぐ,Soon
おかげさまで,おかげさまで,Thankyou (expressing gratitude for help)
乾杯,かんぱい,Bottoms up/Cheers
,,
,,
Lesson 20:,,
要ります,いります,"Need, Require (a passport)"
調べます,しらべます,"Check, Investigate"
直します,なおします,"Repair, Collect"
修理します,しゅうりします,Repair
電話します,でんわします,Phone
僕,ぼく,Informal way of saying I (for men)
君,きみ,Informal way of saying you (for men)
～君,～くん,Informal way of saying Mr. (for men)
うん,うん,Informal way of saying Yes
ううん,ううん,Informal way of saying No
ことば,ことば,"Word, Language"
物価,ぶっか,Commodity prices
着物,きもの,Kimono
初め,はじめ,The beginning
終わり,おわり,The end
こっち,こっち,Informal of 「こちら」
そっち,そっち,Informal of 「そちら」
あっち,あっち,Informal of 「あちら」
どっち,どっち,Informal of 「どちら」
この間,このあいだ,The other day
みんなで,みんなで,All together
～けど,～けど,"Informal of ~, but"
,,
,,
Lesson 21:,,
思います,おもいます,Think
言います,いいます,Say
足ります,たります,"be enough, be sufficient"
勝ちます,かちます,Win
負けます,まけます,Lose
役に立ちます,やくにたちます,be useful
むだ「な」,むだ「な」,Wasteful
不便「な」,ふべん「な」,Inconvenient
同じ,おなじ,The same
すごい,すごい,"Great, Awful"
首相,しゅしょう,Prime minister
大統領,だいとうりょう,President
政治,せいじ,Politics
試合,しあい,"Game, Match"
意見,いけん,Opinion
「お」話,「お」はなし,"Speech, Story"
交通,こうつう,"Transportation, Traffic"
最近,さいきん,"Recently, these days"
だぶん,だぶん,"Probably, perhaps, maybe"
きっと,きっと,Surely
ほんとうに,ほんとうに,Really?
そんあに,そんなに,Not so much
国,くに,Nation
,,
,,
Lesson 22:,,
着ます,きます,"Put on (a shirt, etc)"
はきます,はきます,"Put on (shoes, trousers, etc)"
かぶります,かぶります,"Put on (a hat, etc)"
かけます,かけます,Put on (glasses)
生まれます,うまれます,Be born
帽子,ぼうし,"Hat, cap"
眼鏡,めがね,Glasses
よく,よく,Often
おめでとうございます,おめでとうございます,Congratulations
家賃,やちん,House rent
和室,わしつ,Japanese style room
押し入れ,おしいれ,Japanese style closet
布団,ふとん,Japanese style mattress and quilt
上着,うわぎ,Jacket
手袋,てふくろ,Gloves
,,
,,
Lesson 23:,,
聞きます,ききます,Ask
回します,まわします,Turn
引きます,ひきます,Pull
変えます,かえます,Change
触ります,さわります,Touch
出ます,でます,Come out
動きます,うごきます,Moving or working (like a watch)
歩きます,あるきます,Walk
渡ります,わたります,"Cross, pass [a bridge]"
気をつけます,きをつけます,"Pay attention, take care"
引っ越しします,ひっこしします,Move (from one house to another)
電気屋,でんきや,"Electric store, Electrician"
音,おと,Sound
機械,きかい,Machine
つまみ,つまみ,Knob
故障,こしょう,Breakdown
道,みち,"Road, way"
交差点,こうさてん,"Crossroad, crossing"
信号,しんごう,Traffic light
角,かど,Corner
橋,はし,Bridge
駐車場,ちゅうしゃじょう,"Parking lot, car park"
正月,しょうがつ,New year's Day
ごちそうさま,ごちそうさま,That was delicious
建物,たてもの,Building
外国人登録証,がいこくじんとうろくしょう,Alien Registration card
歩道,ほどう,Sidewalk
車道,しゃどう,Road
高速道路,こうそくどうろ,"Expressway, motorway"
通り,とおり,Street
横断歩道,おうだんほどう,Pedestrian Crossing
歩道橋,ほどうきょう,Pedestrian Bridge
信号,しんごう,Traffic light
坂,さか,Slope
踏切,ふみきり,Railroad crossing
止まれ,とまれ,Stop
進入禁止,しんにゅうきんし,No entry
一方通行,いっぽうつうこう,One way
駐車禁止,ちゅうしゃきんし,No parking
右折禁止,うせつきんし,No turning right
,,
,,
Lesson 24:,,
くれます,くれます,Give (me)
連れて行きます,つれていきます,Take (someone)
連れて来ます,つれてきます,Bring (someone)
送ります,おくります,"Escort (someone), go with"
紹介します,しょうかいします,Introduce
案内します,あんないします,"Show around, show the way"
説明します,せつめいします,Explain
いれます,いれます,Make (coffee)
おじいさん<br>おじいちゃん,おじいさん / おじいちゃん,Grandfather / Old man
おばあさん<br>おばあちゃん,おばあさん / おばあちゃん,Grandmother/ Old woman
準備,じゅんび,Preparation
意味,いみ,Meaning
貸子,かし,"Sweets, Snacks"
全部,ぜんぶ,All
自分で,じぶんで,By ones self
ほかに,ほかに,Besides
弁当,べんとう,Lunch Box
お年玉,おとしだま,New year's gift (money)
入学祝い,にゅうがくいわい,Admission gift
卒魚祝い,そつぎょいわい,Graduation gift
結婚祝い,けっこんいわい,Wedding gift
出産祝い,しゅっさんいわい,Birth gift
お中元,おちゅうげん,Gift to person you have respect
お香典,おこうでん,Condolence money
お見舞い,おみまい,Present given to a sick person
,,
,,
Lesson 25：,,
考えます,かんがえます,"Think, Consider"
着きます,つきます,Arrive
留学します,りゅうがくします,Study abroad
取ります,とります,Grow old
田舎,いなか,"Countryside, hometown"
大使館,たいしかん,Embassy
億,おく,Hundred million
もし「～たら」,もし「～たら」,If ~
いくら「～ても」,いくら「～でも」,"However~, even if~"
転勤,てんきん,Transfer
赤ちゃん,あかちゃん,Baby
生まれます,うまれます,Be born
保育園,ほいくえん,Nursery school
幼稚園,ようちえん,Kindergarten
学校に入ります,がっこうにはいります,Enter school
大学院,だいがくいん,Post graduate school
学校を出ます,がっこうをでます,Graduate from school
就職します,しゅうしょくします,Get a job
子どもが生まれます,こどもがうまれます,Have a child
離婚します,りこんします,Divorce
再婚します,さいこんします,Marry again
し事をやめます,しごとをやめます,Retire
死にます,しにます,Die
,,
,,
Lesson 26:,,
見ます,みます,Check
探します、捜します,さがします,"Look for, search"
遅れます,おくれます,Be late
間に合います,まにあいます,Be in time
やります,やります,Do
参加します,さんかします,Attend
申し込みます,もうしこみます,"Apply for, enter for"
都合がいい,つごうがいい,Convenient [time]
都合が悪い,つごうがわるい,Inconvenient [time]
気分がいい,きぶんがいい,Feel well
気分が悪い,きぶんがわるい,Feel ill
新聞社,しんぶんしゃ,Newspaper publishing company
柔道,じゅうどう,Judo
運動会,うんどうかい,Athletic meeting
場所,ばしょ,Place
～弁,～べん,～Dialect
今度,こんど,"Next time, another time"
ずいぶん,ずいぶん,"Pretty, very"
直接,ちょくせつ,Directly
いつでも,いつでも,Anytime
どこでも,どこでも,Anywhere
だれでも,だれでも,Anybody
何でも,なんでも,Anything
片つかます,かたつきます,[boxes] be put in order
ごみ,ごみ,Garbage
燃えます,もえます,[trash] Burn
置き場,おきば,Place where something is put
横,よこ,Side
瓶,びん,Bottle
缶,かん,Can [Drink]
「お」湯,「お」ゆ,Hot water
連絡します,れんらくします,Contact
困ったなあ。,こまっなあ。,What shall I do?
宇宙,うちゅう,"Space, Universe"
怖い,こわい,Be afraid of
宇宙船,うちゅうせん,Spaceship
別の,べつの,Another
宇宙飛行士,うちゅうひこうし,Astronaut
紙くず,かみくず,Paper
生ごみ,なまごみ,Garbage
,,
,,
Lesson 27:,,
飼います,かいます,"Keep a pet, raise an animal"
建てます,たてます,Build
走ります,はしります,"Run, Drive down the road"
見えます,みえます,[a mountain] can be seen
聞こえます,きこえます,[a sound] can be heard
できます,できます,"[something] be made, be completed, come into existence"
開きます,ひらきます,"Set up [a class], open, hold"
鳥,とり,Bird
声,こえ,Voice
波,なみ,Wave
花火,はなび,Fireworks
景色,けしき,"Scenery, view"
昼間,ひるま,Daytime
昔,むかし,"Old days, ancient times"
道具,どうぐ,"Tool, instrument, equipment"
自動販売機,じどうはんばいき,Vending Machine
通信販売,つうしんはんばい,"Mail order, mail-order sails"
台所,だいどころ,Kitchen
ほかの,ほかの,Other
ほっきり,ほっきり,Clearly
ほとんど,ほとんど,"Almost all (in positive sent.), Hardly, scarcely (in negative sent.)"
夢,ゆめ,Dream
いつか,いつか,"Someday, sometime"
家,いえ,"House, home"
すばらしい,すばらしい,"Marvelous, wonderful"
漫画,まんが,"Cartoon, comicstrip"
主人公,しゅじんこう,"Hero, Heroine"
形,かたち,Shape
不思議「な」,ふしぎ「な」,"Fantastic, Mysterious"
例えば,たとえば,For example
付けます,つけます,"Attach, Put on"
自由に,じゆに,Freely
空,そら,Sky
飛びます,とびます,Fly
自分,じぶん,Oneself
将来,しょうらい,Future
現像,げんぞう,Developing [a picture]
焼き増し,やきまし,Extra print [a picture]
引き伸ばし,ひきのばし,Enlargement [a picture]
水洗い,みずあらい,Laundering
染みめき,しみめき,Stain removal
防水加工,ぼうすいかこう,Waterproof
縮む,ちぢむ,Shrink [clothes]
伸びる,のびる,Stretch [clothes]
宅配便の受付,たくはいびんおうけつけ,Delivery Service
写真現像,しゃしんげんぞう,Photo developing
公共料金振込み,こうきょうりょうきんふりこえ,Payment of utility charges
はがき、切手の販売,はがき、きってのはんばい,Sale of Post cards and Stamps
,,
,,
Lesson 28:,,
踊ります,おどります,Dance
かみます,かみます,"Chew, bite"
選びます,えらびます,Choose
違います,ちがいます,Be different
通います,かよいます,Go to and from [university]
まじめ「な」,まじめ「な」,Serious
熱心「な」,ねっしん「な」,Earnest
優しい,やさしい,"Gentle, Kind"
偉い,えらい,"Great, admirable"
ちょうどいい,ちょうどいい,"Proper, just right"
習慣,しゅうかん,Custom
経験,けいけん,Experience
力,ちから,Power
人気,にんき,Popularity
形,かたち,"Form, shape"
色,いろ,Color
味,あじ,Taste
品物,しなもの,Goods
値段,ねだん,Price
給料,きゅうりょう,Salary
番組,ばんぐみ,Program
小説,しょうせつ,Novel (book)
小説家,しょうせつか,Novelist
歌手,かしゅ,Singer
管理人,かんりにん,Janitor
息子,むすこ,(my) Son
息子さん,むすこさん,(someone else's) Son
娘,むすめ,(my) Daughter
娘さん,むすめさん,(someone else's) Daughter
自分,じぶん,One's self
将来,しょうらい,Future
しばらく,しばらく,A little while
たいてい,たいてい,"Usually, mostly"
それに,それに,In addition
それで,それで,And so
会話,かいわ,Conversation
お知らせ,おしらせ,Notice
日にち,ひにち,Date
体育館,たいいくかん,Gymnasium
無料,むりょう,Free of charge
中央線,ちゅうおうせん,Train line
西荻窪駅,にしおぎくぼえき,Nearest Station
家賃,やちん,Rental fee
敷金,しききん,Deposit money
礼金,れいきん,Gift money
管理費,かんりひ,Maintenance fee
,,
,,
Lesson 29:,,
開きます,あきます,[a door] Open
閉まります,しまります,[a door] Close
つきます,つきます,[a light] Come on
消えます,きえます,"[a light] Go off, disappear"
込みます,こみます,[a road] Get crowded
すきます,すきます,[a road] Get empty
壊れます,こわれます,[a chair] Break
割れます,われます,"[a glass] Break, smash"
折れます,おれます,"[a tree] Break, snap"
破れます,やぶれます,[the paper] Tear
汚れます,よごれます,[the clothes] Get dirty
付きます,つきます,[a pocket] be attached
外れます,はずれます,[a button] be undone
止まります,とまります,[an elevator] Stop
まちがえます,まちがえます,Make a mistake
落とします,おとします,"Drop, lose"
掛かります,かかります,Be locked
「お」皿,「お」さら,"Plate, dish"
「お」ちゃわん,「お」ちゃわん,Rice bowl
袋,ふくろ,Bag
財布,さいふ,"Wallet, Purse"
枝,えだ,Branch
この辺,このへん,"This neighborhood, around here"
～辺,～へん,The place around ~
ころくらい,このくらい,Around this size
お先にどうぞ。,おさきにどうぞ。,"After you, Go ahead please"
よかった。,よかった。,Thank goodness!
確か,たしか,"I suppose, if I am correct"
網棚,あみだな,Rack
地震,じしん,Earthquake
壁,かべ,Wall
指します,さします,Point
針,はり,Hands (of a clock)
倒れます,たおれます,Fall down
方,ほう,Direction
太っている,ふっている,Fat
やせている,やせている,Thin
膨らんでいる,ふくらんでいる,Bulging
穴が開いている,あながあいている,Have a hole
曲がっている,まがっている,Bent
ゆがんでいる,ゆがんでいる,Disordered
へこんでいる,へこんでいる,Dented
ねじれている,ねじれている,Twisted
欠けている,かけている,Chipped off
ひびが入っている,ひびがはいっている,Cracked
腐っている,くさっている,Rotten
乾いている,かわいている,Dry
ぬれている,ぬれている,Wet
凍っている,こおっている,Frozen
,,
,,
Lesson 30:,,
はります,はります,"Put up, post, paste"
掛けます,かけます,Hang
飾ります,かざります,"Display, Decorate"
並べます,ならべます,"Arrange, Line up"
植えます,うえます,Plant
戻します,もどします,"Return, Put Back"
まとめます,まとめます,"Put ~ together, Put ~ in shape, sum up"
片づけます,かたづけます,"Put things in order, tidy up"
しまいます,しまいます,Put things in their proper place
決めます,きめます,Decide
知らせます,しらせます,To inform
相談します,そうだんします,"Consult, discuss"
予習します,よしゅうします,Prepare one's lesson
復習します,ふくしゅうします,Review one's lesson
そのままにします,そのままにします,Leave things as they are
お子さん,おこさん,Some one else's child
授業,じゅぎょう,Class
講義,こうぎ,Lecture
予定,よてい,"Plan, Schedule"
お知らせ,おしらせ,Notice
案内書,あんないしょ,Guide book
ごみ箱,ごみばこ,"Trash can, dust bin"
人形,にんぎょう,Doll
花瓶,かびん,Vase
鏡,かがみ,Mirror
引き出し,ひきだし,Drawer
玄関,げんかん,"Front door, porch, entrance hall"
廊下,ろうか,"Corridor, hallway"
壁,かべ,Wall
池,いけ,Pond
交番,こうばん,Police Box
元の所,もとのところ,Original Place
周り,まわり,"Round, Around"
真ん中,まんなか,Center
隅,すみ,Corner
まだ,まだ,Still
～ほど,～ほど,About~
予定表,よていひょう,Schedule
ご苦労様,ごくろうさま,Thankyou for your hard work
希望,きぼう,"Hope, request"
丸い,まるい,"Round, Around"
地球,ちきゅう,Earth
うれしい,うれしい,"Glad, happy"
嫌「な」,いや「な」,"Hateful, Disagreeable"
目が覚めます,めがさめます,Wake up
位置,いち,Location
上から二段目,うえからにだんめ,The second from top
～の横,～のよこ,Beside
奥,おく,Inner part
手前,てまえ,This side
前から二列目,まえからにれつめ,The second row
机の周り,つくえのまわり,Around
斜め前,ななめまえ,Diagonally ahead
斜め後ろ,ななめうしろ,Diagonally Behind
～のそば,～のそば,"Next to, beside"
二行目,にぎょうめ,The second line
,,
,,
Lesson 31:,,
始まります,はじまります,"[a ceremony] begin, start"
続けます,つづけます,To Continue
見つけます,みつけます,To find
受けます,うけます,Take (an examination)
入学します,にゅうがくします,Enter (a university)
卒業します,そつぎょうします,Graduate from (a university)
出席します,しゅっせきします,Attend (a meeting)
休憩します,きゅうけいします,"Take a break, take a rest"
連休,れんきゅう,Consecutive holiday
作文,さくぶん,"Essay, composition"
展覧会,てんらんかい,Exhibition
結婚式,けっこんしき,Wedding ceremony
「お」葬式,「お」そうしき,Funeral
式,しき,Ceremony
本社,ほんしゃ,Head office
支店,してん,Branch office
温泉,おんせん,"Hot spring, spa"
お客,おきゃく,"Visitor, guest, customer, client"
だれか,だれか,Somebody
ずっと,ずっと,All the time
残ります,のこります,"Remain, be left"
月に,つきに,Per month
普通の,ふつうの,"Ordinary, common, usual"
嫌「な」,いや「な」,"Hateful, disagreeable"
空,そら,Sky
閉じます,とじます,Close
自由に,じゆうに,Freely
世界中,せかいじゅう,All over the world
美しい,うつくしい,Beautiful
自然,しぜん,Nature
すばらしさ,すばらしさ,"Goodness, virtue"
薬学,やくがく,Pharmacology
生化学,せいかがく,Biochemistry
生物学,せいぶつがく,Biology
農学,のうがく,Agriculture
土木工学,どうぼくこうがく,Civil engineering
電子工学,でんしこうがく,Electronics
電気工学,でんきこうがく,Electrical Engineering
遺伝子工学,いでんしこうがく,Genetic Engineering
建築学,けんちくがく,Architecture
環境科学,かんきょうかがく,Environmental Science
国際関係学,こくさいかんけいがく,International relations
法律学,ほうりつがく,Law
経営学,けいえいがく,Business administration
社会学,しゃかいがく,Sociology
言語学,げんごがく,Linguistics
心理学,しんりがく,Psychology
哲学,てつがく,Philosophy
宗教学,しゅうきょうがく,Theology
芸術,げいじゅつ,Arts
美術,びじゅつ,Fine arts
,,
,,
Lesson 32:,,
運動します,うんどうします,Take exercise
成功します,せいこうします,Succeed
失敗します,しっぱいします,Fail (an examination)
合格します,ごうかくします,Pass (an examination)
戻ります,もどります,Return
やみます,やみます,Stop (rain)
晴れます,はれます,Clear up
曇ります,くもります,Get cloudy
吹きます,ふきます,Blow (wind)
治ります,なおります,"Recover from, get well"
続きます,つづきます,Continue (high temperature)
ひきます,ひきます,Catch (a cold)
冷やします,ひやします,Cool
心配「な」,しんぱい「な」,"Worried, anxious"
十分「な」,じゅうぶん「な」,"Enough, Sufficient"
おかしい,おかしい,"Strange, funny"
うるさい,うるさい,Noisy
やけどをします,やけどをします,Get burnt
けがをします,けがをします,Get injured
せきをします,せきをします,Have a cough
太陽,たいよう,Sun
星,ほし,Star
月,つき,Moon
風,かぜ,Wind
水道,すいどう,"Faucet, tap, water supply"
今夜,こんや,This evening
夕方,ゆうがた,Late afternoon
遅く,おそく,Late (time)
こんなに,こんなに,Like this
そんなに,そんなに,Like that
もしかしたら,もしかしたら,"Possibly, perhaps"
それわいけませんね,それわいけあせんね,That's too bad
胃,い,Stomach
働きすき,はたらきすき,Working too much
無理をします,むりをします,Work more than one's capacity
ゆっくりします,ゆっくりします,Take one's time
星占い,ほしうらない,Horoscope
牡牛座,おうしざ,Taurus
困ります,こまります,"Be in trouble, have a Problem"
宝くじ,たからくじ,Lottery
当たります,あたります,Win (a lottery)
健康,けんこう,Health
恋愛,れんあい,Romantic love
恋人,こいびと,"Sweet heart, boyfriend, girl friend"
「お」金持ち,「お」かねもち,Rich person
天気予報,てんきよほう,Weather forecast
降水確率,こうすいかくりつ,Probability of Rain
最高気温,さいこうきおん,The highest temperature
最低気温,さいていきおん,The lowest temperature
曇り,くもり,Cloudy
雪,ゆき,Snow
晴れのち曇り,はれのちくもり,"Fine, cloudy later"
曇り時々雨,くもりときどきあめ,"Cloudy, occasional rain"
曇り所によって雨,くもりところによってあめ,"Cloudy, partly rain"
にわか雨,にわかあめ,Shower
雷,かみなり,Tunder
台風,たいふう,Typhoon
虹,にじ,Rainbow
湿度,しつど,Humidity
蒸し暑い,むしあつい,Hot and Humid
さわやか「な」,さわやか「な」,Refreshing
,,
,,
Lesson 33:,,
逃げます,にげます,Run away
騒ぎます,さわぎます,Make noise
あきらめます,あきらめます,Give up
投げます,なげます,Throw
守ります,まもります,"Keep, follow, obey"
上げます,あげます,"Raise, Lift"
下げます,さげます,"Lower, Pull down"
伝えます,つたえます,Convey (a message)
注意します,ちゅういします,Be careful
外します,はずします,Be away
だめ「な」,だめ「な」,"Not good, not permitted"
席,せき,Seat
洗濯機,せんたくき,Washing machine
～機,～き,Machine
規則,きそく,"Regulation, Law"
使用禁止,しようきんし,Do not use
立入禁止,たちいりきんし,Keep out
入口,いりぐち,Entrance
出口,でぐち,Exit
非常口,ひじょうぐち,Emergency Exit
無料,むりょう,Free of Charge
本日休強,ほんじつきゅうぎょう,Closed day
営業中,えいぎょうちゅう,Open for business
使用中,しようちゅう,In use
～中,～ちゅう,～ing
どういう～,どういう～,What kind of ~
駐車違反,ちゅうしゃいはん,Parking violation
そりゃあ,そりゃあ,Well
～以内,～いない,Within ~
警察,けいさつ,Police Station
罰金,ばつきん,Fine
電報,でんぽう,Telegram
人々,ひとびと,People
急用,きゅうよう,Urgent business
打ちます,うちます,Send (telegram)
電報代,でんぽうだい,Telegram charge
できるだけ,できるだけ,As much as possible
短く,みじかく,"Shortly, briefly"
例えば,たとえば,Example
重い病気,おもいびょうき,Serious illness
明日,あす,Tomorrow
留守,るす,Absence
留守番,るすばん,Looking for a house during the owner's absence
「お」祝い,「お」いわい,Celebration
亡くなります,なくなります,"Pass away, die"
悲しみ,かなしみ,"Sorrow, sadness"
準備中,じゅんびちゅう,In preparation
化粧室,けしょうしつ,Toilet
禁煙席,きんえんせき,No smoking seat
予約席,よやくせき,Reserved seat
火気厳禁,かきげんきん,Flammable
割れ物注意,われものちゅうい,Fragile
運転初心者注意,うんてんしょしんしゃちゅうい,Beginner Driver
工事中,こうじちゅう,Under construction
塩素系漂白剤不可,えんそけいひょうはくざいふか,Don't use chlorine
手洗い,てあらい,Wash by hand
標識,ひょうしき,Signs
,,
,,
Lesson 34：,,
磨きます,みがきます,"Brush (teeth), Polish"
組み立てます,くみたてます,Assemble
折ります,おります,"Bend, fold, break, snap"
つけます,つけます,Put (in soy sauce)
見つかります,みつかります,Be found
します,します,Put on (a tie)
細い,ほそい,Thin (of small diameter)
太い,ふとい,Thick (of large diameter)
盆踊り,ぼんおどり,Bon festival dance
家具,かぐ,Furniture
説明書,せつめいしょ,Instructions book
線,せん,Line
矢印,やじるし,Arrow
黒,くろ,Black
白,しろ,White
赤,あか,Red
青,あお,Blue
紺,こん,"Navy blue, dark blue"
黄色,きいろ,Yellow
茶色,ちゃいろ,Brown
しょうゆ,しょうゆ,Soy sauce
～か～,～か～,~or~
ゆうべ,ゆうべ,Last night
さっき,さっき,A short while ago
茶道,さどう,Tea ceremony
お茶をたてます,おちゃをたてます,Make green tea
先に,さきに,First
載せます,のせます,"Place on, Load onto"
苦い,にがい,Bitter
親子どんぶり,おやこどんぶり,A bowl of cooked rice with chicken and egg
材料,ざいりょう,"Material, Ingredient"
鳥肉,とりにく,Chicken
たまねぎ,たまねぎ,Onion
４ぶんの１,よんぶんのいち,One fourth
調味料,ちょうみりょう,"Seasoning, Flavoring"
なべ,なべ,"Pan, pot"
火にかけます,ひにかけます,Put on the stove
煮ます,にます,"Cook, boil"
煮えます,にえます,"Be cooked, be boiled"
どんぶり,どんぶり,Ceramic bowl
焼きます,やきます,"To Grill, To bake, To roast"
揚げます,あげます,To Deep fry
いためます,いためます,To Shallow fry
ゆでます,ゆでます,To Boil
蒸します,むします,To steam
炊きます,たきます,To cook rice
むきます,むきます,"To peal, to pare"
刻みます,きざみます,"To Chop, Mince"
かき混ぜます,かきまぜます,To stir
台所用品,だいどころようひん,Cookware & Kitchen Utensils
やかん,やかん,Kettle
ふた,ふた,Lid
おたま,おたま,Ladle
まな板,まないた,Cutting board
包丁,ほうちょう,Kitchen knife
ふきん,ふきん,Kitchen towel
炊飯器,すいはんき,Rice cooker
しゃもじ,しゃもじ,Rice paddle
缶切り,かんきり,Can opener
ざる,ざる,Colander
ガス台,ガスだい,Gas Stove
流し「台」,ながし「だい」,Sink
換気扇,かんきせん,Ventilation fan
,,
,,
Lesson 35:,,
咲きます,さきます,Bloom (flowers)
変わります,かわります,Change (color)
困ります,こまります,"Be in trouble, have a problem"
付けます,つけます,"Draw, mark"
拾います,ひろいます,Pick up
かかります,かかります,Get through
楽「な」,らく「な」,"Comfortable, Easy"
正しい,ただしい,"Correct, right"
珍しい,めずらしい,"Rare, uncommon"
方,かた,Person (respectful equivalent of ひと)
向こう,むこう,"Over there, the other side"
島,しま,Island
村,むら,Village
港,みなと,"Harbor, port"
近所,きんじょ,"Neighborhood, Vicinity"
屋上,おくじょう,Rooftop
海外,かいがい,Overseas
山登り,やまのぼり,Mountain Climbing
機会,きかい,"Chance, Opportunity"
許可,きょか,Permission
丸,まる,Circle
操作,そうさ,Operation
方法,ほうほう,Method
設備,せつび,"Equipment, Facilities"
ひも,ひも,String
ふた,ふた,"Lid, cover"
葉,は,Leaf
曲,きょく,A piece of music
楽しみ,たのしみ,"Pleasure, enjoyment, expectation"
もっと,もっと,More
初めに,はじめに,First
それなら,それなら,In that case
夜行バス,やこうバス,Night bus
旅行者,りょこうしゃ,Traveler / Tourist
詳しい,くわしい,Detailed
スキー場,スキーじょう,Ski resort
朱,しゅ,Red
交わります,まじわります,Keep company with
ことわざ,ことわざ,Proverb
仲よくします,なかよくします,Be on good terms with
必要「な」,ひつよう「な」,"Necessary, Essential"
,,
,,
Lesson 36:,,
届きます（荷物が）,とどきます（にもつが）,Be delivered (parcels)
出ます（試合に）,でます（しあいに）,Participate (in a game)
打ちます（ワープロを）,うちます（ワープロを）,Type (in a word processor)
貯金します,ちょきんします,Save money
太ります,ふとります,Get fat
やせます,やせます,"Get slim, lose weight"
過ぎます（７時を）,すぎます（ななじを）,Pass (7 o'clock)
慣れます（習慣に）,なれます（しゅかんに）,Get accustomed to (the customs)
硬い,かたい,"Hard, tough, solid"
軟らかい,やわらかい,"Soft, tender"
電子～,でんし～,Electronic ~
携帯～,けいたい～,Portable ~
工場,こうじょう,Factory
健康,けんこう,Health
剣道,けんどう,Kendo (Japanese style of Fencing)
毎週,まいしゅう,Every week
毎月,まいつき,Every month
毎年,まいとし、まいねん,Every year
やっと,やっと,Finally
かなり,かなり,Fairly
必ず,かならず,"With out fail, by any means"
絶対に,ぜったいに,Absolutely(Used with negatives)
上手に,じょうずに,"Skillfully, well"
できるだけ,できるだけ,As much as possible
このごろ,このごろ,These days
～ずつ,～ずつ,~ (some amount) per (some unit)
そのほうが～,そのほうが～,That is more~
お客様,おきゃくさま,"Guest, Customer"
特別,とくべつ,Special
していらっしゃいます,していらっしゃいます,Be doing (respectful equivalent of しています)
水泳,すいえい,Swimming
～とか、～とか,～とか、～とか,～、～、and so on
気持ち,きもち,"Feeling, Enthusiasm"
乗り物,のりもの,"Vehicles, means of transportation"
～世紀,～せいき,~th century
遠く,とおく,"Far, Remote place"
汽車,きしゃ,Locomotive
汽船,きせん,Steam boat
大勢の～,おおぜいの～,Many (people)
運びます,はこびます,"Carry, Transport"
飛びます,とびます,Fly
安全「な」,あんぜん「な」,Safe
宇宙,うちゅう,"Space, Universe"
地球,ちきゅう,Earth
規則正しい生活をする,きそくただしいせいかつをする,Lead a well regulated life
早寝、早起きをする,はやね、はやおきをする,Keep early hours
運動する,うんどうする,Take exercise
よく歩く,よくあるく,Walk a lot
好き嫌いがない,すききらいがない,Have no particular likes and dislikes
栄養のバランスを考えて食べる,えいようのバランスをかんがえてたべる,Have a balanced diet
健康診断を受ける,けんこうしんだんをうける,Have health checks
夜更かしをする,よふかしをする,Sit up late
あまり運動しない,あまりうんどうしない,Take little exercises
好き嫌いがある,すききらいがある,Have many likes and dislikes
よくインスウタント食品を食べる,よくインスウタントしょくひんをたべる,Often eat instant foods
外食が多い,がいしょくがおおい,Often eat out
たばこを吸う,たばこをすう,Smoke
よくお酒を飲む,よくおさけをのむ,Drink a lot
炭水化物,たんすいかぶつ,Carbohydrates
いも,いも,Potatoes
脂肪,しぼう,"Fat, oil"
海草,かいそう,Seaweed
たんばく質,たんばくしつ,Protein
豆,まめ,Beans
,,
,,
Lesson 37:,,
褒めます,ほめます,Praise
しかります,しかります,"Scold, Rebuke"
誘います,さそいます,"Invite, ask someone to join"
起こします,おこします,Wake (someone) up
招待します,しょうたいします,Invite
頼みます,たのみます,"Ask, Request"
注意します,ちゅういします,"Warn, Advise"
とります,とります,"Rob, Steal"
踏みます,ふみます,Step on (someone's foot)
壊します,こわします,"Break, Destroy"
汚します,よごします,Make ~ dirty
行います,おこないます,"Hold, Carry out, Practice"
輸出します,ゆしゅつします,Export
ゆにゅうします,ゆにゅうします,Import
翻訳します,ほんやくします,Translate
発明します,はつめいします,Invent
発見します,はっけんします,Discover
設計します,せっけいします,"Design, Plan"
米,こめ,Rice
麦,むぎ,"Barley, wheat"
石油,せきゆ,Petroleum
原料,げんりょう,Raw material
泥棒,どろぼう,"Thief, robber"
警官,けいかん,Policeman
建築家,けんちくか,Architect
科学者,かがくしゃ,Scientist
漫画,まんが,Cartoon
世界中,せかいじゅう,All over the world
～中,～じゅう,All over ~
～によって,～によって,By ~
よかったですね。,よかったですね。,"That's lucky, isn't it?"
埋め立てます,うめたてます,Reclaim
技術,ぎじゅつ,Technology
土地,とち,Land
騒音,そうおん,Noise
豪華「な」,ごうか「な」,Gorgeous
彫刻,ちょうこく,"Engraving, carving, sculpture"
眠ります,ねむります,Sleep
彫ります,ほります,"Engrave, carve"
仲間,なかま,"Colleague, friend"
そのあと,そのあと,After that
一生懸命,いっしょうけんめい,With all one's effort
ねずみ,ねずみ,Mouse
殺します,ころします,To kill
撃ちます,うちます,To shoot (by gun to kill)
刺します,さします,To Stab (with knife)
かみます,かみます,To bite
ひきます,ひきます,Run over
はねります,はねります,Hit (by car)
衝突します,しょうとつします,To crash (two cars)
追突します,ついとつします,Crash into the rear of a car
盗みます,ぬすみます,To steal
誘拐します,ゆうかいします,To kidnap
墜落します,ついらくします,"Fall, Crash (an airplane)"
爆発します,ばくはつします,To explode
助けります,たすけります,To rescue
沈没します,ちんぼつします,To sink
,,
,,
Lesson 38:,,
育てます,そだてます,"To Breed, Bring up"
亡くなります,なくなります,Pass away (Euphemistic expression for しにます)
入院します,にゅういんします,Enter Hospital
退院します,たいいんします,Leave Hospital
入れます「電源を～」,いれます「でんげんを」,Turn on [the power switch]
切ります「電源を～」,きります「でんげんを」,Turn off [the power switch]
掛けます「かぎを」,かけます「かぎを」,Lock
気持ちがいい,きもちがいい,"Pleasant, Agreeable"
気持ちが悪い,きもちがわるいい,"Unpleasant, Disgusting"
大きな～,おおきな～,Large ~
小さな～,ちいさな～,Small ~
赤ちゃん,あかちゃん,Baby
海岸,かいがん,"Sea Side, Sea shore"
うそ,うそ,"Lie, Fib"
書類,しょるい,"Document, papers"
電源,でんげん,Power switch
～製,～せい,Made in ~
「あ、」いけない。,「あ、」いけない,Oops！Oh no!
お先に「失礼します」,おさきに「しつれいします」,Excuse me [for leaving before you]
回覧,かいらん,"Circular, Sending round"
研究室,けんきゅうしつ,"Study room, Laboratory"
きちんと,きちんと,"Neatly, Tidily"
整理します,せいりします,"Put (things) in order, tidy up"
～という本,～というほん,The book titled~
～冊,～さつ,Counter for books
はんこ,はんこ,Seal Stamp
押します「はんこを～」,おします「はんこを～」,Affix (a seal)
双子,ふたご,Twins
姉妹,しまい,Sisters
五年生,ごねんせい,"Fifth Grade, Fifth year"
似ています,にています,Resemble
性格,せいかく,Character
おとなしい,おとなしい,Quiet
世話をします,せわをします,Take care
時間がたちます,じかんがたちます,Time pass by
大好き「な」,だいすき「な」,Like very much
～点,～てん,Points
はんかします,はんかします,"Quarrel, fight"
不思議「な」,ふしぎ「な」,"Mysterious, Strange"
お正月,おしょうがつ,New year's day
ひな祭り,ひなまつり,The doll festival
お月見,おつきみ,The moon viewing festival
,,
,,
Lesson 39:,,
答えます,こたえます,Answer (a question)
倒れます,たおれます,Fall down (a building)
焼けます,やけます,"Burn down (a building), Be baked (bread), Be roasted, grilled (meat)"
通ります,とおります,Pass (along a street)
死にます,しにます,Die
びっくりします,びっくりします,Be surprised
がっかりします,がっかりします,Be disappointed
安心します,あんしんします,Be relieved
遅刻します,ちこくします,"Be late, Come late"
早退します,そうたいします,Leave earlier than usual (work or school)
けんかします,けんかします,"Quarrel, Fight"
離婚します,りこんします,Divorce
複雑「な」,ふくざつ「な」,"Complicated, complex"
邪魔「な」,じゃま「な」,"Obstructive, in the way"
汚い,きたない,Dirty
うれしい,うれしい,"Glad, Happy"
悲しい,かなしい,Sad
恥ずかしい,はずかしい,"Embarrassed, Ashamed"
地震,じしん,Earthquake
台風,たいふう,Typhoon
火事,かじ,Fire
事故,じこ,Accident
「お」見合い,「お」みあい,Interview prior to marriage
電話代,でんわだい,Telephone charge
～代,～だい,"Charge, Fare, fee"
～号室,～ごうしつ,Room number ～
汗,あせ,Perspiration (Sweat)
せっけん,せっけん,Soap
大勢,おおぜい,A great number of people
お疲れ様でした,おつかれさまでした,Thankyou for your hard work
伺います,うかがいます,I'm coming
途中で,とちゅうで,"On the way, in the midst of"
ぶつかります,ぶつかります,"Bump, Collide"
並びます,ならびます,"Stand in a queue, line up"
大人,おとな,Adult
洋服,ようふく,Western clothes
西洋化します,せいようかします,Be westernized
合います,あいます,"Fit, suit"
今では,いまでは,Now
成人式,せいじんしき,Coming-of-age celebration
悲しい,かなしい,Sad
うらやましい,うらやましい,Envious
懐かしい,なつかしい,"Dear, longed for"
うっとりします,うっとりします,Be enchanted
いらいらします,いらいらします,Be irritated
どきどきします,どきどきします,Be scared
はらはらします,はらはらします,Feel uneasy
わくわくします,わくわくします,Be excited
,,
,,
Lesson 40:,,
数えます,かぞえます,Count
測ります,はかります,"Measure, Weigh"
確かめます,たしかめます,"Confirm, Make sure"
出発します,しゅっぱつします,Depart
到着します,とうちゃくします,Arrive
酔います,よいます,Get drunk
危険「な」,きけん「な」,Dangerous
必要「な」,ひつよう「な」,Necessary
宇宙,うちゅう,"Space, Universe"
地球,ちきゅう,Earth
忘年会,ぼうねんかい,Year-end Party
新年会,しんねんかい,New Year's Party
二次会,にじかい,Second Party
大会,たいかい,"Mass meating, convention"
表,おもて,"Face, Front"
裏,うら,Back (side)
返事,へんじ,Reply
申し込み,もうしこみ,Application
本当,ほんとう,"Truth, fact"
間違い,まちがい,Mistake
傷,きず,"Defect, wound, scratch"
長さ,ながさ,Length
重さ,おもさ,Weight
高さ,たかさ,Height
大きさ,おおきさ,"Size, scale"
～便,～びん,"Flight, Flight number"
～号,～ごう,"Train number, Typhoon number, etc"
～個,～こ,Counter for small objects
～本,～ほん、～ぽん、～ぼん,Counter for long objects
～杯,～はい、～ぱい、～ばい,Counter for glass or cup
～以上,～いじょう,"Not less than~, Over~"
～以下,～いか,"Not more than~, Under~"
さあ,さあ,"Well, let me see (used when unsure of something)"
どうでしょうか,どうでしょうか,How is~? (polite way of どうですか。)
成績,せいせき,"Performance, Score, Result"
とことで,ところで,By the way
様子,ようす,"Situation, Condition, Appearance"
事件,じけん,"Incident, Case"
爆弾,ばくだん,Bomb
積みます,つみます,"Load, Pile up"
運転手,うんてんしゅ,Driver
離れた,はなれた,Remote
急に,きゅうに,Suddenly
動かします,うごかします,"Start, Operate, Move"
一生懸命,いっしょうけんめい,With all one's effort
犯人,はんにん,"Suspect, Criminal"
手に入れます,てにいれます,"Obtain, get"
今でも,いまでも,Even Now
うわさします,うわさします,Gossip
単位,たんい,"Unit, Credit (in school)"
線,せん,Line
模様,もよう,"Pattern, Figure, Design"
面積,めんせき,Area
体積,たいせき,"Capacity, Volume"
容積,ようせき,"Capacity, Volume"
計算,けいさん,Calculation
たす,たす,Plus (math operator)
ひく,ひく,Minus (math operator)
かける,かける,Multiply (math operator)
わる,わる,Divide (math operator)
は,は,Equal (math operator)
直線,ちょくせん,Straight line
曲線,きょくせん,Curved line
点線,てんせん,Dotted line
円（丸）,えん（まる）,Circle
三角（形）,さんかく（けい）,Triangle
四角（形）,しかく（けい）,Square
縦じま,たてじま,Vertical Stripes
横じま,よこじま,Horizontal Strips
水玉,みずたま,Polka-dot
花柄,はながら,Floral (flower) Print
無地,むじ,Plain
,,
,,
Lesson 41:,,
いただきます,いただきます,Receive (humble equivalent of もらいます)
くださいます,くださいます,Give (respectful equivalent of くれます)
やります,やります,Give (to a younger person or subordinate)
呼びます,よびます,Invite
取り替えます,とりかえます,Exchange
親切にします,しんせつにします,Be kind to
かわいい,かわいい,"Lovely, Cute"
お祝い,おいわい,"Celebration, gift"
お年玉,おとしだま,Money given as New Year's gift
「お」見舞い,「お」みまい,"Expression of Sympathy, Consolatory gift to a sick person"
興味,きょうみ,Interest
情報,じょうほう,Information
文法,ぶんぽう,Grammar
発音,はつおん,Pronunciation
猿,さる,"Ape, Monkey"
えさ,えさ,"Feed, Bait"
玩具,おもちゃ,Toy
絵本,えほん,Picture book
絵はがき,えはがき,Picture post card
靴下,くつした,"Socks, Stockings"
手袋,てぶくろ,Gloves
指輪,ゆびわ,Ring
祖父,そふ,(my) Grandfather
祖母,そぼ,(my) Grandmother
孫,まご,Grandchild
伯父、叔父,おじ,"(My) Uncle Older, Younger"
おじさん,おじさん,(Someone else's) Uncle
伯母，叔母,おば,"(My) Aunt Older, younger"
おばさん,おばさん,(Someone else's) Aunt
おととし,おととし,The year before last
はあ,はあ,"Yes, I see"
申し訳ありません,もうしわけありません,"I'm sorry, Excuse me"
預かります,あずかります,"Keep, Receive (a thing) in trust"
先日,せんじつ,The other day
助かります,たずかります,Be of help
昔話,むかしばなし,"Old tale, folklore"
ある～,ある～,"A certain ~, One ~"
いじめます,いじめます,"Bully, Abuse, Ill-treat"
亀,かめ,Turtle
助けます,たずけます,"Save, Help"
「お」城,「お」しろ,Castle
お姫様,おひめさま,Princess
楽しく,たのしく,"Happily, Merrily"
暮らします,くらします,"Live, Lead a life"
陸,りく,"Land, Shore"
すると,すると,"And, then"
煙,けむり,Smoke
真っ白「な」,まっしろ「な」,Pure white
中身,なかみ,Content
,,
,,
Lesson 42:,,
包みます,つつみます,"Wrap, Pack up, Cover, Conceal"
沸かします,わかします,"To boil, Ferment, uproar, breed"
混ぜます,まぜます,"To Mix, To Blend"
計算します,けいさんします,Calculate
厚い,あつい,Thik
薄い,うすい,Thin
弁護士,べんごし,"Lawyer, Attorney"
音楽家,おんがくか,Musician
子供たち,こどもたち,Children
教育,きょういく,Education
歴史,れきし,History
文化,ぶんか,Culture
社会,しゃかい,Society
法律,ほうりつ,Law
戦争,せんそう,War
平和,へいわ,"Peace, Harmony"
目的,もくてき,"Purpose, Aim, objective, intention"
安全,あんぜん,"Safety, Security"
論文,ろんぶん,"Thesis, Academic paper"
関係,かんけい,"Relation, Connection"
薬缶,やかん,Kettle
栓抜き,せんぬき,Cap opener
缶切,かんきり,Can opener
缶詰,かんづめ,"Canned food, Tinned Food"
風呂敷,ふろしき,Wrapping cloth used to carry things
算盤,そろばん,Abacus (Counting Frame)
体温計,たいおんけい,(Clinical) Thermometer
材料,ざいりょう,"Material, Ingredient"
石,いし,Stone
一生懸命,いっしょうけんめい,With all one's effort
なぜ,なぜ,Why
国連,こくれん,United Nations
鍋,なべ,"Pan, pot"
丼ぶり,どんぶり,Ceramic Bowl
食品,しょくひん,Food
調査,ちょうさ,"Investigation, Survey"
～の代わりに,～のかわりに,"In place of~, Instead of ~"
どこででも,どこででも,In any place
綴じる,とじる,"Staple, to bind"
挟みます,はさみます,"To bind, To clip"
留めります,とめります,To pin
張ります,はります,"To stick, to paste"
糊,のり,"Paste, Glue"
鉛筆削り,えんぴつけずり,Pencil Sharpener
消します,けします,To erase
切ります,きります,Saw
打ちます,うちます,Hit a nail
締めます,しめます,Tighten
緩めます,ゆるめます,Loosen
螺子,ねじ,"Screw, Key (of a clock…), Spring of a machine …"
,,
,,
Lesson 43,,
「輸出が」増えます,「ゆしゅつが」ふえます,Increase (exports)
「輸出が」減ります,「ゆしゅつが」へります,Decrease (exports)
「値段が」上がります,「ねだんが」あがります,Rise (prices)
「値段が」下がります,「ねだんが」さがります,Fall (Prices)
「紐が」切れます,「ひもが」きれます,"[a string] break, snap"
取れます,とれます,[a button] Come off
「荷物が」落ちます,「にもつが」おちます,[baggage] fall down
「ガソリンが」無くなります,「ガソリンが」なくなります,"[pertrol, gasoline] run out, be lost"
丈夫「な」,じょうぶ「な」,"Strong, Healthy"
変「な」,へん「な」,"Strange, Peculiar"
幸せ「な」,しあわせ「な」,Happy
美味い、甘い,うまい,"Tasty, delicious"
不味い,まずい,"Unpleasant, Unappetizing"
詰まらない,つまらない,"Boring, Dull"
暖房,だんぼう,Heating
冷房,れいぼう,Air-Conditioning
今にも,いもにも,At any moment
わあ,わあ,Wow! Oh!
会員,かいいん,Member
適当「な」,てきとう「な」,"Suitable, Proper"
年齢,ねんれい,"Age, Years"
収入,しゅうにゅう,Income
ぴったり,ぴったり,"Exactly, Neatly, Sharp"
そのうえ,そのうえ,"In addition to that, more over"
薔薇,ばら,Rose
優しい,やさしい,Kind
大人しい,おとなしい,"Obedient, Quiet"
厳しい,きびしい,"Strict, Severe"
気が長い,きがながい,"Slow tempered, Patient"
気が短い,きがみじかい,Quick tempered
気が強い,きがつよい,Strong willed
気が弱い,きがよわい,Timid
活発「な」,かっぱつ「な」,Active
誠実「な」,せいじつ「な」,Sincere
我が侭,わがまま,Selfish
真面目「な」,まじめ「な」,"Serious, Honest, Diligent"
不真面目「な」,ふまじめ「な」,Frivolous
頑固「な」,がんこ「な」,Stubborn
素直「な」,すなお「な」,"Obedient, Gentle"
意地悪「な」,いじわる「な」,"Ill-natured, Spiteful"
勝ち気「な」,かちき「な」,"Competitive, Unyielding"
神経質「な」,しんけいしつ「な」,Nervous
,,
,,
Lesson 44:,,
泣きます,なきます,Cry
笑います,わらいます,"Laugh, Smile"
乾きます,かわきます,Dry
濡れます,ぬれます,Get wet
滑ります,すべります,Slip
起きます「事故が～」,おきます「じこが～」,Happen (an accident)
調節します,ちょうせつします,Adjust
安全「な」,あんぜん「な」,Safe
丁寧「な」,ていねい「な」,"Polite, Courteous, Careful"
細かい,こまかい,"Small, Fine"
濃い,こい,"Strong (taste), Dark (color)"
薄い,うすい,"Weak (taste), Light (color)"
空気,くうき,Air
涙,なみだ,Tear
和食,わしょく,Japanese dish
洋食,ようしょく,Western dish
おかず,おかず,Side dish
量,りょう,Quantity
～倍,～ばい,～Times
半分,はんぶん,Half
たんす,たんす,Chest of Drawers
洗濯物,せんたくもの,"Washing, Laundry"
理由,りゆう,Reason
どうなさいますか。,どうなさいますか。,What can I do for you?
どういうふうになさいますか,どういうふうになさいますか。,How would you like it done?
～みたいにしてください。,～みたいにしてください。,Do it like~.
これでよろしいでしょうか。,これでよろしいでしょうか。,Would this be alright?
お疲れ様でした。,おつかれさまでした。,Thankyou for being patient
嫌がります,いやがります,Dislike
また,また,And
順序,じゅんじょ,Order
表現,ひょうげん,Expression
例えば,たとえば,For example
別れます,わかれます,"Part, Separate"
これら,これら,These things
縁起が悪い,えんぎがわるい,"Unlucky, Ill-omened"
美容院,びよういん,Hair dressing salon
理髪店,りはつてん,Barber shop
剃る「髭、顔を～」,そる「ひげ、かおを～」,"Shave [Moustache, Face]"
耳が見えるくらいに切ってください,みみがみえるくらいにきってください,Please cut it so that you can see my ears
肩にかかるくらいにきってください,かたにかかるくらいにきってください,Please cut it to shoulder length
眉が隠れるくらいにきってください,まゆがかくれるくらいにきってください,Please cut it so that my eyebrows are covered
１センチくらいきってください,いちセンチくらいきってください,Please cut it about one centimeter
この写真みたいに切ってください,このしゃしんみたいにきってください,Please cut it so that it looks like this photograph
おかっぱ,おかっぱ,Bobbed Hair
三つ編み,みつあみ,Braids
丸刈り,まるがり,Close-cropped cut
長髪,ちょうはつ,Long hair
,,
,,
Lesson 45:,,
謝ります,あやまります,Apologize
会います「事故に」,あいます「じこに」,Encounter [an accident]
信じます,しんじます,"Believe, Trust"
用意します,よいします,Prepare
旨くいきます,うまくいきます,Go well
保証書,ほしょうしょ,Guarantee
領収書,りょうしゅうしょ,Receipt
贈り物,おくりもの,"Gift, Present"
間違い電話,まちがいでんわ,Wrong telephone number
係り,かかり,Person in Charge
中止,ちゅうし,"Calling off, Cancelling, Suspension"
点,てん,"Point, score"
「～円」札,「～えん」さつ,"[~Yen] note, bill"
ちゃんと,ちゃんと,"Regularly, properly"
急に,きゅうに,Suddenly
楽しみにしています,たのしみにしています,"Be looking forward to, be expecting"
以上です。,いじょうです。,That's all
係員,かかりいん,"Person in charge, Attendant"
～位,～い,～th (rank)
優勝します,ゆうしょうします,Win the championship
悩み,なやみ,"Trouble, Worry"
目覚まし「時計」,めざまし「どけい」,Alarm Clock
眠ります,ねむります,Sleep
目が覚めます,めがさめます,Wake up
回答,かいとう,"Answer, Reply"
鳴ります,なります,To Ring
それでも,それでも,"Nevertheless, for all that"
非常の場合,ひじょうのばあい,Emergency
,,
,,
,,
Lesson 46,,
焼きます,やきます,"Bake, Grill, Roast"
渡します,わたします,Hand over
帰って来ます,かえってきます,Come back
出ます「バスが」,でます「バスが」,"Leave, depart (a bus)"
留守,るす,Absence
宅配便,たくはいびん,Delivery Service
原因,げんいん,Cause
注射,ちゅうしゃ,Injection
食欲,しょくよく,Appetite
こちら,こちら,"My place, my side"
ちょうど,ちょうど,"Just, exactly"
たった今,たったいま,Just now
今いいでしょうか。,いまいいでしょうか。,May I bother you now？
具合,ぐあい,Condition
どちら様でしょうか。,どちらさまでしょうか。,"Who is this, please?"
向かいます,むかいます,Head for
お待たせしました。,おまたせしました。,Sorry to have kept you waiting
知識,ちしき,Knowledge
宝庫,ほうこ,Treasury
手に入ります「情報が～」,てにはいります「じょうほうが～」,"Come in, reach (information)"
一部分,いちぶぶん,One part
入力します,にゅうりょくします,To input
秒,びょう,Second
出ます「本が～」,でます「ほんが～」,Be published (a book)
,,
,,
Lesson 47:,,
集まります「人が～」,あつまります「ひとが～」,Gather (people)
別れます「人が～」,わかれます「ひとが～」,"Part, separate (people)"
長生きします,ながいきします,Live long
します「音・声が～」,します「おと・こえが～」,[sound/voice] Be heard
します「味が～」,します「あじが～」,To Taste
します「においが～」,します「においが～」,To smell
さします「傘を」,さします「かさを」,Put up [an umbrella]
ひどい,ひどい,"Terrible, Severe"
怖い,こわい,"Frightening, horrible"
天気予報,てんきよほう,Weather forecast
発表,はっぴょう,"Announcement, Presentation"
実験,じっけん,Experiment
人口,じんこう,Population
におい,におい,Smell
科学,かがく,Science
医学,いがく,Medicine
文学,ぶんがく,Literature
救急車,きゅうきゅうしゃ,Ambulance
賛成,さんせい,"Approval, Agreement"
反対,たんたい,"Objection, opposition"
男性,だんせい,"Male, man"
女性,じょせい,"Female, woman"
どうも,どうも,It appears that
恋人,こいびと,"Sweetheart, Boyfriend, Girlfriend"
婚約します,こんやくします,Be engaged
相手,あいて,The other person
知り合います,しりあいます,Get acquainted
平均寿命,へいきんじゅみょう,Average life span
比べます「男性と～」,くらべます「だんせいと～」,Compare (with men)
博士,はかせ,Doctor
脳,のう,Brain
化粧品,けしょうひん,Cosmetics
調べ,しらべ,"Survey, Research"
化粧,けしょう,Make up
,,
,,
Lesson 48:,,
下ろします，降ろします,おろします,"Put down, lower"
届けます,とどけます,"Deliver, Report"
世話をします,せいわをします,Take care of~
嫌「な」,いや「な」,"Unwilling, Reluctant"
厳しい,きびしい,"Strict, hard"
塾,じゅく,Cram school
生徒,せいと,Pupil
者,もの,Person (referring to one's relatives or subordinates)
入管,にゅうかん,Immigration Bureau
再入国ビザ,さいにゅうこくビザ,Re-entry visa
自由に,じゆうに,Freely
～間,～かん,For~ (referring to duration)
いいことですね。,いいことですね。,That's good.
お忙しいですか。,おいそがしいですか。,Are you busy?
久しぶり,ひさしぶり,After a long time
営業,えいぎょう,"Business, Sales"
それまでに,それまでに,By that time
かまいません,かまいません,"It's all right, it doesn't matter"
楽しみです,たのしみです,Enjoy one's self
もともと,もともと,Originally
～世紀,～せいき,～et century
代わりをします,かわりをします,"Be a substitute, be a replacement"
競走します,きょうそうします,Race
芸,げい,"Performance, trick"
美しい,うつくしい,Beautiful
姿,すがた,"Figure, Appearance"
心,こころ,"Heart, mind"
とらえます,とらえます,Catch
～にとって,～にとって,For~ 
,,
,,
Lesson 49:,,
勤めます「会社に」,つとめます「かいしゃに」,Work (for a company)
休みます,やすみます,Go to bed
掛けます「いすに」,かけます「いすに」,Sit (on a chair)
過ごします,すごします,"Spend (time), Pass (time)"
寄ります「銀行に」,よります「ぎんこうに」,Drop into (a bank)
召し上がります,めしあがります,"Eat, Drink (respectful)"
おっしゃいます,おっしゃいます,Say (respectful)
なさいます,なさいます,Do (respectful)
ご覧にあります,ごらんにあります,"See, Look at (respectful)"
ご存知です,ごぞんじです,Know (respectful)
あいさつ,あいさつ,"Greeting, Address"
灰皿,はいざら,Ashtray (for smoking)
旅館,りょかん,Japanese style hotel or inn
会場,かいじょう,"Meeting place, hall"
バス停,バスてい,Bus stop
貿易,ぼうえき,Trade
帰りに,かえりに,On the way back
たまに,たまに,Once in a while
さっとも,さっとも,Not at all (used with negatives)
遠慮なく,えんりょなく,Without hesitation
～年～組,～ねん～くみ,Class ~ of ~th grade
では,では,"Well, then"
出します「熱を」,だします「ねつを」,Run (a fever)
よろしくお伝えください,よろしくおつたえください,Give my best regards
失礼いたします,しつれいいたします,Good bye (humble of しつれいします)
講師,こうし,Lecturer
多くの～,おおくの～,"Many~, Much~"
作品,さくひん,"Work (of art, etc…)"
受賞します,じゅしょうします,Be awarded a prize
世界的に,せかいてきに,World wide
作家,さっか,Novelist
長男,ちょうなん,One's eldest son
障害,しょうがい,"Handicap, Defect"
お持ちです,おもちです,Have (respectful of もっています)
作曲,さっきょく,Composition (music)
活動,かつどう,Activity
それでは,それでは,"Well, so (indicating an end or beginning)"
,,
,,
Lesson 50:,,
参ります,まいります,"Go, come (humble)"
おります,おります,Be (humble)
いただきます,いただきます,"Eat, Drink, receive (humble)"
申します,もうします,Say (humble)
いたします,いたします,Do (humble)
拝見します,はいけんします,See (humble)
存じます,ぞんじます,Know (humble)
伺います,うかがいます,"Ask, hear, visit (humble)"
お目にかかります,おめにかかります,Meet (humble)
ございます,ございます,Be (polite of あります)
～でございます,～でございます,Be (polite of です)
私,わたくし,I (humble)
お宅,おたく,(someone's) house
郊外,こうがい,Suburbs
さ来週,さらいしゅう,The week after next
さ来月,さらいげつ,The month after next
さ来年,さらいねん,The year after next
半年,はんとし,Half a year
最初に,さいしょに,First of all
最後に,さいごに,Lastly
ただ今,ただいま,Now
緊張します,きんちょうします,"Become tense, Be strained"
放送します,ほうそうします,Broadcast
撮ります「ビデオに」,とります「ビデオに」,Record (on video)
賞金,しょうきん,Prize money
自然,しぜん,Nature
麒麟,きりん,Giraffe
象,ぞう,Elephant
ころ,ころ,"Times, day"
適います「夢が」,かないます「ゆめが」,Come true (dream)
ひとことよろしいでしょうか,ひとことよろしいでしょうか,May I say a word?
協力します,きょうりょくします,Cooperate
心から,こころから,From my heart
感謝します,かんしゃします,"Be grateful, Be thankful"
拝啓,はいけい,Dear ~
美しい,うつくしい,Beautiful
迷惑掛けます,まいわくかけます,"Trouble, Annoy, Inconvenience"
生かします,いかします,Make good use of
「お」城,「お」しろ,Castle
敬具,けいぐ,Sincerely Yours
